"","age","prate_1.x","totpart.x","totemp.x"," tot_part_age.x","index.x","prate_1.y","totpart.y","totemp.y"," tot_part_age.y","index.y"
"1",7,100,257,500,36.7142857142857,"4",100,257,500,36.7142857142857,"4"
"2",7,100,257,500,36.7142857142857,"4",100,92,143,13.1428571428571,"6"
"3",7,100,92,143,13.1428571428571,"6",100,257,500,36.7142857142857,"4"
"4",7,100,92,143,13.1428571428571,"6",100,92,143,13.1428571428571,"6"
"5",8,26.1000003814697,1653,8709,206.625,"1",26.1000003814697,1653,8709,206.625,"1"
"6",10,97.5999984741211,166,275,16.6,"3",97.5999984741211,166,275,16.6,"3"
"7",28,82.5,591,933,21.1071428571429,"5",82.5,591,933,21.1071428571429,"5"
